﻿<?xml version="1.0" encoding="utf-8"?>
<SharedProductData xmlns:xsi="http://www.w3.org/2001/XMLSchema-instance" xmlns:xsd="http://www.w3.org/2001/XMLSchema">
  <ReleaseDescriptorNoSpaces>Xerox_VersaLink_B600_B605_B610_B615</ReleaseDescriptorNoSpaces>
  <ReleaseDescriptorWithSpaces>Xerox VersaLink B600/B605/B610/B615</ReleaseDescriptorWithSpaces>
  <RecommendedPdl>PS</RecommendedPdl>
  <V4DriverPDL>PS</V4DriverPDL>
  <V4DriverPDL>PCL6</V4DriverPDL>
  <CWISColorLevelsLink>http://{0}/status/statsupl.htm</CWISColorLevelsLink>
  <CWISPaperLevelsLink>http://{0}/status/statgeneral.htm</CWISPaperLevelsLink>
  <DefaultRegistrationModel>VLB6XX</DefaultRegistrationModel>
  <capabilities>
    <ControllerFamily>NEXTWAVE</ControllerFamily>
    <ControllerFamilyVersion>1.0</ControllerFamilyVersion>
    <PowerEngageSupport>Available</PowerEngageSupport>
    <!-- Microsoft's Auto-Config requires firmware update to D2.1 (e.g. SMP-1) or later. -->
    <MicrosoftWsdMonAutoConfig>SupportedPostLaunch</MicrosoftWsdMonAutoConfig>
    <MicrosoftTcpMonAutoConfig>SupportedPostLaunch</MicrosoftTcpMonAutoConfig>
    <XBDSLevel>1.0</XBDSLevel>
    <XCPTLevel>1.0</XCPTLevel>
    <CBRLevel>1.0</CBRLevel>
    <ColorCapability>Monochrome</ColorCapability>
    <MediaTypeTranslation>Office</MediaTypeTranslation>
    <LDAPPhonebook>Available</LDAPPhonebook>
  </capabilities>
  <models>
    <PrinterModel>
      <ModelName>Xerox VersaLink B600</ModelName>
      <Mimic>Xerox_VLB600_B610_48.png</Mimic>
	  <Mimic256>Xerox_VLB600_B610_256.png</Mimic256>
      <SysObjectIds>
        <string>1.3.6.1.4.1.253.8.62.1.34.7.1</string>
      </SysObjectIds>
      <USBProductId>89AD</USBProductId>
      <RatedSpeed>58</RatedSpeed>
      <HardwareId>XeroxVersaLink_B6007DA4</HardwareId>
      <ConditionalModelDesignation>B600</ConditionalModelDesignation>
      <WebLinkModelId>VLB600_B610</WebLinkModelId>
      <RegistrationModel>VLB600_B610</RegistrationModel>
      <DeviceStageIconName>Xerox_VLB600_B610_256</DeviceStageIconName>
      <PowerengageBrand>VersaLink</PowerengageBrand>
      <PowerengageModel>B600</PowerengageModel>
    </PrinterModel>
    <PrinterModel>
      <ModelName>Xerox VersaLink B605</ModelName>
      <Mimic>Xerox_VLB605_B615_48.png</Mimic>
	  <Mimic256>Xerox_VLB605_B615_256.png</Mimic256>
      <SysObjectIds>
        <string>1.3.6.1.4.1.253.8.62.1.34.7.2</string>
      </SysObjectIds>
      <USBProductId>89AE</USBProductId>
      <RatedSpeed>65</RatedSpeed>
      <HardwareId>XeroxVersaLink_B6057E64</HardwareId>
      <ConditionalModelDesignation>B605</ConditionalModelDesignation>
      <WebLinkModelId>VLB605_B615</WebLinkModelId>
      <RegistrationModel>VLB605_B615</RegistrationModel>
      <DeviceStageIconName>Xerox_VLB605_B615_256</DeviceStageIconName>
      <PowerengageBrand>VersaLink</PowerengageBrand>
      <PowerengageModel>B605</PowerengageModel>
    </PrinterModel>
    <PrinterModel>
      <ModelName>Xerox VersaLink B610</ModelName>
      <Mimic>Xerox_VLB600_B610_48.png</Mimic>
	  <Mimic256>Xerox_VLB600_B610_256.png</Mimic256>
      <SysObjectIds>
        <string>1.3.6.1.4.1.253.8.62.1.34.7.3</string>
      </SysObjectIds>
      <USBProductId>89AF</USBProductId>
      <RatedSpeed>58</RatedSpeed>
      <HardwareId>XeroxVersaLink_B610EDA5</HardwareId>
      <ConditionalModelDesignation>B610</ConditionalModelDesignation>
      <WebLinkModelId>VLB600_B610</WebLinkModelId>
      <RegistrationModel>VLB600_B610</RegistrationModel>
      <DeviceStageIconName>Xerox_VLB600_B610_256</DeviceStageIconName>
      <PowerengageBrand>VersaLink</PowerengageBrand>
      <PowerengageModel>B610</PowerengageModel>
    </PrinterModel>
    <PrinterModel>
      <ModelName>Xerox VersaLink B615</ModelName>
      <Mimic>Xerox_VLB605_B615_48.png</Mimic>
	  <Mimic256>Xerox_VLB605_B615_256.png</Mimic256>
      <SysObjectIds>
        <string>1.3.6.1.4.1.253.8.62.1.34.7.4</string>
      </SysObjectIds>
      <USBProductId>89B0</USBProductId>
      <RatedSpeed>65</RatedSpeed>
      <HardwareId>XeroxVersaLink_B615EE65</HardwareId>
      <ConditionalModelDesignation>B615</ConditionalModelDesignation>
      <WebLinkModelId>VLB605_B615</WebLinkModelId>
      <RegistrationModel>VLB605_B615</RegistrationModel>
      <DeviceStageIconName>Xerox_VLB605_B615_256</DeviceStageIconName>
      <PowerengageBrand>VersaLink</PowerengageBrand>
      <PowerengageModel>B615</PowerengageModel>
    </PrinterModel>
  </models>
</SharedProductData>